N,P,K,temperature,humidity,ph,rainfall,label
102,53,21,23.03814028,76.11021529,6.913678684,91.49697481,cotton
23,58,19,24.17093241,58.25204566,5.243634848999999,59.18953429,mothbeans
17,58,20,28.06642822,85.91625451,6.42937879,39.23831035,mungbean
19,72,15,28.83600962,69.76112921,6.890760124,44.08562546,lentil
6,139,199,25.67385024,81.6212135,6.29099842,74.10919422,grapes
7,77,18,20.5591255,60.54880693,6.655918077999999,191.0895109,pigeonpeas
107,72,45,28.14938935,81.54448882,5.790768046,91.40508414,banana
83,57,19,25.73044432,70.74739256,6.877869005,98.73771338,maize
119,72,55,25.99069521,83.33983116,6.220643671,112.0777152,banana
82,18,48,29.09588297,94.16748386,6.1590508160000015,26.70581328,muskmelon
39,138,203,21.19339319,82.33098331,6.399433771,74.62834921,grapes
22,60,18,19.59221047,61.28633405,6.74398035,41.7704893,lentil
99,5,47,24.13078816,84.84494575,6.649086972,51.19470197,watermelon
86,79,45,27.81251452,82.69285419,5.80766417,99.20961514,banana
18,125,204,22.35548159,94.47811755,6.046673619,116.7366261,apple
19,21,34,30.01592643,53.19212381,5.074272692,97.72843182,mango
14,58,17,30.53684308,59.96664731,4.605700542,33.48919022,mothbeans
105,77,52,29.16226551,76.16151562,5.816622478999999,100.0075679,banana
12,20,10,24.45132792,93.10527686,6.528354932,109.4711098,orange
37,18,12,10.2708877,90.19147747,7.401121811,106.69552040000002,orange
7,141,195,23.8812458,93.45067555,5.514253142,104.9116663,apple
89,52,42,23.09433785,81.45139295,6.14132902,196.6587013,jute
15,36,27,27.78912455,53.96886679,5.6437102160000014,91.01152997,mango
82,40,40,23.83067496,84.81360127,6.271478837999999,298.5601175,rice
13,132,203,23.60115364,82.48336987,6.423216506,73.23901752,grapes
57,57,75,17.09104223,18.25142068,7.785039076,87.27444866,chickpea
44,56,49,39.23342464,91.25589286,6.519779582999999,64.4478499,papaya
61,44,17,26.10018422,71.57476937,6.931756557999999,102.2662445,maize
95,26,45,29.91690582,94.55695552,6.117530021,28.16057247,muskmelon
44,64,54,29.80744318,91.38048469,6.74274935,232.7046126,papaya
89,47,38,25.52468965,72.24850829,6.002524871,151.8869972,jute
89,60,19,25.19192419,66.69029010000001,5.913664501,78.06639649,maize
2,131,199,22.47420512,91.22759742,6.017370134,124.2179699,apple
20,60,22,29.65052947,42.89833235,6.876572502999999,186.9226052,pigeonpeas
107,31,31,23.17124551,52.97841162,6.766184468,153.12016440000005,coffee
37,137,199,22.63946441,90.18451645,5.697945522,108.3405879,apple
32,20,35,26.52166434,98.38227669,5.588655387,144.6261698,coconut
10,79,20,24.98287462,66.895409,6.379881442,38.21370568,lentil
7,31,27,31.32863689,47.59319575,6.524114355,94.67344737,mango
115,9,52,29.06785065,90.97685539,6.019372459,29.1194739,muskmelon
75,56,44,25.2746335,73.7459581,6.109478059,168.0432282,jute
120,48,16,22.46054478,75.40989245,7.456971816,71.85436078,cotton
5,8,5,11.03367937,92.22706805,6.562594972,112.7715925,orange
39,30,38,20.12644921,87.59629625,6.965156737999999,108.065579,pomegranate
52,63,19,29.58949031,68.32176769,6.928898659,67.53021213,blackgram
79,42,37,24.87300744,82.84022551,6.587918707999999,295.6094492000001,rice
3,49,18,27.91095209,64.70930606,3.692863601,32.67891866,mothbeans
102,24,54,27.72338349,90.93897939,6.698468621,22.81863447,muskmelon
88,5,47,25.86475496,86.67468041,6.662244646,41.16554802,watermelon
33,59,19,23.19305333,62.74710773,7.641024177,49.55213308,lentil
29,72,24,23.17409556,36.67847052,6.962386495,162.5931264,pigeonpeas
37,135,205,11.82768186,80.2827185,5.510924848999999,74.10225057,grapes
14,55,15,27.33580911,55.27755933,8.050304395,73.44775287,mothbeans
19,17,39,24.72485577,85.56083187,6.728599215,111.2787584,pomegranate
87,48,38,23.81579631,80.94023552,7.161865733,190.312216,jute
118,21,51,24.42998931,86.33904774,6.678805092,48.58241822,watermelon
116,38,34,23.29250318,50.04557009,6.020947179,183.468585,coffee
91,41,37,24.48556447,83.20630007,6.132570522999999,192.2316221,jute
32,145,203,23.83053666,90.84422164,6.406818518,109.5966791,apple
67,60,38,24.79853023,78.53037059,7.16214284,162.2847429,jute
34,11,10,31.75048899,94.59551226,7.36220835,115.1989301,orange
12,19,31,27.25373364,52.66319725,5.566704378,91.87312479,mango
25,57,19,17.15432954,19.87070659,5.566522896,87.99669731,kidneybeans
92,7,45,26.70607759,81.14149505,6.944640222,51.51033554,watermelon
30,75,25,30.33276599,42.35249879,6.446091759,149.299952,pigeonpeas
131,52,16,23.65724079,84.47601498,6.486068274,88.54479121,cotton
19,7,9,27.255435,91.71369387,6.969883482999999,101.139435,orange
120,20,45,25.66576039,88.6984228,6.114128685,54.22722466,watermelon
89,11,47,29.78714005,94.65343534,6.327822962000001,27.8659442,muskmelon
110,39,18,24.54795322,75.39752705,7.766259768999999,63.88079866,cotton
27,59,22,21.81167649,23.20591245,5.794158503999999,130.0608093,kidneybeans
36,65,80,18.2872007,16.67921616,6.051091339,74.87445574,chickpea
55,78,21,33.39438752,62.93692886,6.602888248999999,63.57445989,blackgram
2,72,18,26.57597546,60.97876599,7.836719564,50.89110726,lentil
67,43,38,25.21622704,70.88259632,7.299304715,195.8645552,jute
9,16,36,23.77989026,92.93386903,5.893332377999999,106.977723,pomegranate
93,22,48,29.12533739,91.52291141,6.776987974,21.90440445,muskmelon
16,18,26,28.43647052,91.81320717,5.568365926,145.54144130000003,coconut
85,89,51,29.21144871,84.70189923,6.1581644220000005,108.5501443,banana
85,9,53,28.20619412,92.86798698,6.447662945,28.78654515,muskmelon
92,75,45,29.01207743,77.95192527,5.674403358999999,90.43495443,banana
74,43,23,25.95263264,61.89082199,6.325235159,99.57981207,maize
12,67,23,25.62896213,63.14909763,6.585020302999999,45.49683991,lentil
38,141,198,13.05809741,80.28297993,5.757009965,70.75633584,grapes
113,15,29,27.09617155,63.55324262,6.779230041,190.2440566,coffee
42,67,77,18.99424448,15.9362937,7.114405288,78.69707199,chickpea
22,54,20,28.56149805,83.63802195,6.689825155,41.013132,mungbean
22,67,22,29.03017561,64.49166566,7.475926645,54.93937710000001,lentil
44,58,18,28.03644051,65.06601664,6.814410927999999,72.49507741,blackgram
100,74,52,25.43480512,81.53977797,5.837258235,96.47800391,banana
81,56,36,23.39605743,72.60512854,7.097586415,174.78764109999997,jute
2,40,27,29.73770045,47.54885174,5.954626604,90.09586854,mango
27,59,20,28.00937423,52.60950014,4.397698806,36.01203025,mothbeans
4,46,15,31.01274943,62.40392519,3.504752314,63.77192383,mothbeans
93,22,52,26.58740671,81.32563243,6.932739726,41.87540028,watermelon
25,62,21,26.73433965,68.13999721,7.040056094,67.15096376,blackgram
40,22,6,24.53610067,91.90997228,6.488221135,115.9787989,orange
111,6,53,26.493064500000006,88.59143088,6.313512998999999,46.06382209,watermelon
32,137,204,22.86006627,93.12859895,5.824151692999999,117.7296726,apple
14,140,197,23.35225078,90.90054697,6.071255131,113.0381382,apple
118,33,30,24.13179691,67.22512329,6.362607851,173.32283859999995,coffee
23,70,15,34.600824700000004,63.11296779,7.403623355,60.41790253,blackgram
89,22,52,24.89681131,86.10782926,6.217300786,53.14626213,watermelon
120,60,15,22.31871914,83.86129998,7.288377241,65.35747011,cotton
73,45,21,24.60532218,73.58868502,6.636803222999999,96.59195302,maize
20,72,19,32.47648301,64.34848735,7.397190844,65.82045699999999,blackgram
22,123,205,32.44577836,83.88504863,5.896343436,68.73932528,grapes
30,75,81,19.41789736,16.80472243,6.4084378860000015,68.4951189,chickpea
25,130,197,39.70772192,82.68593454,5.554831977,74.91506217,grapes
28,27,32,28.94099669,93.00109012,5.764615485,191.7723087,coconut
88,78,45,29.10403455,79.19588629,6.324270089,92.07835761,banana
32,57,22,28.6899851,87.50436797,6.769415887999999,44.56598352,mungbean
2,51,17,25.87682261,45.96341933,5.838508699,38.53254678,mothbeans
100,46,18,24.18586246,76.04203958,6.4316895060000006,69.08056728,cotton
31,75,18,15.46789263,21.43780702,5.824208308999999,88.88796102,kidneybeans
111,41,18,23.64328417,78.1258666,6.10539819,80.96157332,cotton
95,14,50,26.6333118,84.31756844,6.560443519,56.31866159,watermelon
40,5,32,26.07010807,96.7036223,5.981169595,143.533473,coconut
7,126,203,16.76201707,82.00335557,5.662140095,73.28712806,grapes
13,121,196,22.20700989,93.50574163,6.443382913,120.1593771,apple
68,69,52,25.65492304,92.74501561,6.813383387000001,52.95477913,papaya
64,45,43,25.62980105,83.52842314,5.534878156,209.9001977,rice
110,28,46,24.29105004,88.04541346,6.49889585,51.26046418,watermelon
91,21,26,26.33377983,57.36469955,7.261313694,191.6549412,coffee
15,133,199,23.99686172,91.61001707,5.8247786360000005,117.6102915,apple
37,124,195,18.70679077,83.4795292,6.209928251,66.5964488,grapes
39,16,27,35.53845018,52.94641947,4.934964765,91.54560427,mango
7,15,32,25.03512351,95.89739958,6.182232762000001,174.796583,coconut
28,79,16,24.70626432,60.26854183,6.0521848810000005,53.12442925,lentil
21,39,20,28.14448546,82.1193047,7.064782137999999,46.75690086,mungbean
83,15,49,28.92705913,91.39356832,6.438008152999999,23.20076686,muskmelon
31,13,33,29.69952329,95.21224392,6.342463714,148.30036919999995,coconut
20,23,11,31.852069399999998,90.12220323,6.407715561,109.9455062,orange
118,12,47,27.96872279,92.17444796,6.010739645,28.94766949,muskmelon
37,24,13,19.14381903,90.71037456,7.8546243,108.0230792,orange
7,74,17,22.47253208,62.56532471,5.667419697000001,96.74706956,pigeonpeas
26,126,195,21.41363812,92.99124545,5.878568981,118.3979065,apple
31,76,82,20.8248451,17.85057083,7.599279991,79.20509212,chickpea
44,76,22,27.26458947,68.01232937,7.775306272000001,68.91754359,blackgram
109,29,28,23.26316991,60.51600210000001,6.724688502999999,194.1755471,coffee
12,63,17,18.358923,19.37703396,5.717143397,138.414764,kidneybeans
14,21,35,29.52501367,91.91185319,6.121005506,194.3100272,coconut
57,58,77,18.72649425,17.58406365,7.978996755,81.20176515,chickpea
22,42,22,25.54249137,56.96640758,7.887658711,48.46797044,mothbeans
11,44,17,26.34043268,55.59160391,8.016210782,35.1051197,mothbeans
22,133,201,23.81995682,80.12211649,6.00299607,67.27398640000001,grapes
42,62,75,18.17912258,18.90426935,7.010570541,81.84997529,chickpea
0,23,15,22.56664172,93.37488907,7.598729065,109.8585753,orange
9,56,17,26.13708256,66.7729209,6.261937875,46.48280681,lentil
58,71,15,27.82592799,67.58618829999999,6.919243702,74.01229707,blackgram
109,79,45,27.66752761,79.68542782,6.490074429,108.66464,banana
34,15,34,27.05826457,91.10510371,5.677282677999999,224.70069530000004,coconut
29,11,5,23.13338811,91.94670335,7.639788459,104.4224145,orange
71,46,40,20.2801937,82.1235421,7.236705436,191.9535738,rice
6,48,24,28.6362812,84.61431076,6.790736339,48.48319335,mungbean
0,26,31,25.0707247,95.02156793,5.547933273,192.9036306,coconut
39,139,201,41.18664903,81.01783402,5.5399808120000005,68.68895899,grapes
40,55,18,30.38257873,40.5926071,7.115994051,47.95406479,mothbeans
27,24,29,26.61423461,96.97300803,6.142010637,191.006688,coconut
37,74,15,24.92360104,18.22590825,5.582178402,62.7089169,kidneybeans
18,30,29,26.762749300000007,92.86056895,6.4200187170000005,224.5903664,coconut
32,43,22,31.99928579,54.1077461,5.270749441,71.6266696,mothbeans
93,81,50,27.71822477,76.57853189,6.0360792660000016,102.2099836,banana
13,23,6,23.96147583,90.26408017,7.365338111,102.6958703,orange
95,16,55,25.26931156,87.55055105,6.612847999,40.12650421,watermelon
99,15,27,27.0424167,57.27927475,6.501157208,165.6872119,coffee
53,67,17,31.77681682,69.01852894,7.296972161,61.46892873,blackgram
100,17,48,29.72791119,94.29753295,6.367800632000001,26.52364146,muskmelon
81,30,31,24.65090184,51.93952357,7.027585558999999,135.1386537,coffee
85,21,47,29.87331077,90.60932469,6.186770318,24.69720481,muskmelon
35,138,200,21.19909519,90.80819418,5.67130617,103.6838922,apple
102,73,52,27.9122104,83.36307683,6.356090905,90.24211529,banana
66,53,19,23.09348056,60.11593810000001,6.033550195,65.49730729,maize
110,15,48,28.57819995,92.86597437,6.2125672110000005,27.598717800000006,muskmelon
35,72,21,34.03619494,64.28791388,7.741418772,66.85510868,blackgram
33,143,204,21.1316077,91.95769858,5.814434775,122.5391946,apple
34,80,19,31.49338309,63.0563645,6.521217963,71.48327008,blackgram
9,51,19,27.04453473,49.32609633,5.49091063,48.25207759,mothbeans
96,18,50,25.3310446,84.30533791,6.904241707000001,41.53218699,watermelon
112,87,48,27.19711623,77.39706290000002,6.200111067999999,99.46950465,banana
81,6,55,24.88910524,85.87059083,6.110142735,51.70699144,watermelon
24,38,22,24.47876451,58.51663927,8.202706015,34.96933295,mothbeans
72,45,35,25.42977518,82.94682591,5.758506323,195.3574542,rice
37,10,32,28.96318258,95.16333673,6.165084855,222.803013,coconut
12,31,26,35.7877738,51.94190321,5.395275719,100.2160615,mango
6,123,203,12.7567962,81.62497448,6.130310493,66.77844567,grapes
29,22,40,23.62600218,89.73266695,6.145104401,107.6836871,pomegranate
32,79,15,23.90910104,20.74619325,5.706198621,81.60211243,kidneybeans
39,145,201,36.73126647,80.58931938,5.775600435,72.24230804,grapes
60,37,39,26.59104992,82.94164078,6.033485257000001,161.2469997,jute
67,58,39,25.2827223,80.54372813,5.453592032,220.1156708,rice
100,52,19,23.45969093,82.44777468,7.903528672999999,93.50153555,cotton
34,35,21,28.44524991,82.67639542,6.684381357,58.18713162,mungbean
29,76,15,28.541723600000005,64.2020154,7.0256077060000015,69.68862306,blackgram
16,75,21,18.50692825,23.61670065,5.679224346,87.05132890000002,kidneybeans
69,55,38,22.70883798,82.63941394,5.70080568,271.3248604,rice
31,144,202,11.02105378,80.55557235,5.870600622,68.23963161,grapes
29,140,195,23.64082979,90.95257927,5.560521058,116.7431319,apple
15,11,38,23.12808226,92.68328358,6.630646082999999,109.3930157,pomegranate
20,74,16,36.04353699,43.61444121,4.759490199,159.8938645,pigeonpeas
68,40,19,26.14384005,66.20569924,6.655426355,107.2361366,maize
76,48,18,19.29563411,69.63481219,5.77597783,83.21030571,maize
11,143,197,22.98458907,93.3204487,5.875718516,122.1952483,apple
24,73,20,19.63736208,32.31528909,4.608695247,176.4134092,pigeonpeas
10,9,28,29.01256899,94.01014388,6.282955072999999,150.05003119999995,coconut
23,55,16,21.01142393,69.69141302,5.111488821,185.2039114,pigeonpeas
65,62,51,31.53243779,90.87394933,6.5116248410000015,207.0735119,papaya
68,52,49,24.42561272,92.27749066,6.577192175,63.35298768,papaya
37,55,82,19.45591848,18.02235902,8.423873703,78.44910564,chickpea
16,29,13,32.31944397,93.67804556,6.196907944,117.6236473,orange
84,50,44,25.48591986,81.40633547,5.9353444060000005,182.6549356,rice
22,17,5,24.12188673,90.72351622,6.945562889,102.835632,orange
38,60,20,29.84823072,60.63872613,7.491217102,46.80452595,lentil
4,40,26,27.58258929,48.56916221,6.720041791,95.8445641,mango
92,85,51,29.22118628,81.08183635,5.740764682000001,108.8616474,banana
105,88,54,25.78749808,84.51194224,6.020445317,114.2005455,banana
90,40,39,25.72668885,81.86171563,6.626503893,191.9649389,jute
32,138,197,9.535585543,80.73112694,5.908724337000001,69.44115171,grapes
70,50,53,37.4620912,90.44967809,6.933809742999999,172.3458448,papaya
3,141,197,21.98141856,91.12719303,6.142803397000001,115.4789148,apple
28,145,202,19.2077707,82.90428409999998,6.484323189,66.83113717,grapes
81,18,50,26.80750629,88.22874955,6.429788072999999,58.79889057,watermelon
118,50,19,22.95604064,82.33733678,6.360812227,66.48339303,cotton
24,80,22,16.71170642,19.17651433,5.635993966,96.77285817,kidneybeans
101,13,54,25.42900869,82.91481799,6.828982708,56.34144589,watermelon
2,67,18,34.51934775,47.52980027,5.921666758,129.0064612,pigeonpeas
14,67,25,25.28710601,60.85993533,7.241151936,49.37369982,lentil
106,16,54,28.96017885,91.69532178,6.585872508,24.7458198,muskmelon
107,71,55,29.42017919,83.96754496,6.088064451,117.229079,banana
2,78,23,21.31852148,66.43934593,7.320514721,45.42616802,lentil
32,141,203,21.25941052,92.84416234,5.821347769,109.06584709999998,apple
34,60,23,20.12574053,24.96969858,5.659254981,100.0497183,kidneybeans
12,37,30,31.09779147,47.41196659,4.546466109,90.28624348,mango
81,49,20,18.04185513,60.61494304,5.513697923,104.2321615,maize
16,8,9,24.60297538,91.28408653,7.601189842999999,111.2948115,orange
15,27,28,33.80398664,46.12866113,4.507523551,90.82549241,mango
39,29,29,26.50908611,94.48414544,6.143662699,199.8778403,coconut
82,43,38,23.28617173,81.43321641,5.105588355,242.3170629,rice
18,12,8,12.59093977,91.81668769,6.206053072,119.39167179999998,orange
85,35,32,26.24928198,54.28617819,6.854011265,133.1120232,coffee
113,37,20,25.03300222,79.04368718,7.393441155,97.10087029,cotton
6,63,23,26.01630259,49.94704718,5.906596905,160.33374469999995,pigeonpeas
44,63,15,26.42333018,64.51136845,7.338929556,63.46546487,blackgram
99,6,46,28.61475136,94.22253035,6.39637861,28.98574189,muskmelon
7,60,25,28.2753171,82.76020821,6.397636709,56.04995423,mungbean
116,23,25,23.4123707,52.26994674,6.869720196,139.3670753,coffee
95,52,36,26.22916897,83.83625819,5.543360237999999,286.5083725,rice
88,17,52,29.90415889,90.75284363,6.646962425,25.37828397,muskmelon
32,55,52,37.58899717,91.99740365,6.967759599999999,159.6577388,papaya
34,68,51,27.34734861,94.17756725,6.687088097999999,40.35153141,papaya
2,47,15,29.86860065,85.99127934,6.401455706,58.41394143,mungbean
33,120,205,35.12158265,82.26890793,5.550832177999999,69.71518491,grapes
31,20,30,32.17752026,54.01352682,6.207495815,91.88766069,mango
40,51,17,28.66086349,86.12194568,6.860602782000001,50.01534317,mungbean
25,68,77,20.09340593,15.11279612,7.701446446,85.74904898,chickpea
92,44,16,18.87751445,65.76816093,6.082973754,94.76189431,maize
26,35,31,33.44619894,53.05980465,5.339556562,98.05089394,mango
11,10,45,22.63045168,88.45577158,6.397995609,109.0357597,pomegranate
3,9,35,26.91641934,99.84671638,6.318552972999999,225.6323656,coconut
21,21,30,27.69819273,51.41593238,5.403908327999999,100.7720705,mango
76,39,24,24.2547451,55.64709899,6.995843776,64.23845455,maize
3,23,30,29.70143197,95.65754365,6.078807239,215.1968037,coconut
40,45,18,30.43683729,55.20522037,5.261285926,30.92014047,mothbeans
100,76,45,25.56703012,75.94067692,5.590236025,102.7867717,banana
29,17,29,29.20394909,95.66997327,5.959493188,211.2506267,coconut
77,38,36,21.8652524,80.1923008,5.953933276,224.55501690000003,rice
28,75,21,24.7741949,50.54621094,6.007508163,114.2821387,pigeonpeas
114,27,28,24.99451759,57.93250202,7.162802357,192.8736822,coffee
37,78,79,19.95264829,14.82633099,7.786366322,88.6810311,chickpea
23,7,34,26.1055118,91.52421214,5.852038202,134.1279669,coconut
34,56,17,33.4126864,35.42910045,4.548202098,139.6702541,pigeonpeas
57,64,55,26.68386496,92.9585411,6.583760498999999,62.50689682,papaya
111,15,54,27.7058373,92.91185695,6.194090172,22.06207161,muskmelon
9,35,20,27.41503453,80.98004661,6.91380932,40.53173216,mungbean
92,35,40,22.17931888,80.33127223,6.3573893660000005,200.0882787,rice
86,26,27,27.13140403,52.89368299,6.081172981,192.4280381,coffee
52,71,16,27.74274761,68.53997144,7.0758864720000005,71.78615328,blackgram
29,21,45,23.40981539,93.13277,6.749260456,105.2240743,pomegranate
14,139,197,21.72484506,92.83975602,6.056529526,121.6961761,apple
107,5,52,26.6634609,89.98405233,6.8814257460000015,57.40847165,watermelon
27,62,77,18.19737048,14.71070537,6.576415562,70.18185181,chickpea
115,11,46,24.41592661,89.39655519,6.623167177000001,40.32161859,watermelon
95,88,52,28.00316034,78.90085998,6.235461772000001,94.68180316,banana
87,28,30,25.60153969,68.66257977,6.536676653,168.8383605,coffee
101,33,33,26.97251562,62.0183627,6.908671378999999,142.8610793,coffee
21,63,17,15.77370214,19.2303162,5.979973965,108.3441414,kidneybeans
22,55,24,28.56800579,57.30636014,8.66077954,64.53027638,mothbeans
119,9,50,26.74550678,83.9195902,6.251286661,40.794305,watermelon
56,79,15,29.48439992,63.19915325,7.454532137,71.89090748,blackgram
94,91,51,29.16093424,76.67484233,5.6180944460000015,109.575944,banana
121,45,22,22.45942937,81.30681027,6.443785385,64.23026638,cotton
27,64,15,20.16080524,24.84207559,5.514927264,138.2362122,kidneybeans
74,58,18,20.03728219,56.35606753,6.727303282,109.024141,maize
117,24,53,29.17220859,92.21405224,6.293486295,21.30290472,muskmelon
15,9,11,11.54785707,94.14861001,7.907956251,108.82891709999998,orange
3,27,44,24.56811204,92.03009222,6.591302797000001,110.9633894,pomegranate
95,38,22,19.84939404,61.24500053,5.730617109,100.7689246,maize
109,26,45,28.27973674,90.38971208,6.224535448999998,21.58992507,muskmelon
36,133,198,25.51939719,83.98351748,6.2286454,69.17281221,grapes
49,61,45,32.76795887,94.57377401,6.764213299,240.4795923,papaya
81,30,48,28.52379742,92.09688432,6.041027474,29.86681385,muskmelon
39,28,10,31.34920143,91.48247612,7.181907673,109.1549823,orange
84,21,55,28.47090661,94.79453182,6.494251024,21.08484101,muskmelon
61,41,35,24.97178693,79.47557931,6.842966478999998,195.7571622,jute
15,140,195,13.28504331,83.54193816,5.69945282,65.80006004,grapes
75,36,44,23.28081,74.27607475,6.613341342999999,153.7447398,jute
90,50,44,26.91643698,73.48655995,6.253408852000001,171.4716375,jute
91,25,26,24.53460016,66.99765375,7.482414225,180.5059257,coffee
107,45,25,23.0865933,83.55546146,7.2277455160000015,71.84080724,cotton
5,24,40,24.692258,93.87030088,6.297907578999999,104.6735454,pomegranate
111,40,25,24.48469200000001,84.44932014,6.187455798999999,90.94342484,cotton
0,65,15,23.46168338,23.22197648,5.645435626,95.84253438,kidneybeans
24,27,9,18.86883219,93.24688124,6.157135092000001,119.3936976,orange
105,18,35,23.52648086,68.44030686,6.743417121,171.8839938,coffee
32,68,19,24.62835037,18.18325169,5.514234138,149.7441028,kidneybeans
24,131,196,22.03296178,83.74372787,5.732453638,65.34440794,grapes
11,132,197,15.99050693,81.23966573,5.7343170070000005,74.40198861,grapes
57,68,81,17.17012591,17.30457712,8.081095263,72.78624223,chickpea
35,18,26,31.99490489,50.84881347,5.279388967,97.38741498,mango
4,19,42,23.83185873,87.84034604,6.306605528,111.2232716,pomegranate
36,54,46,42.54744013,94.94482086,6.662875839,214.41038480000003,papaya
28,80,17,19.62207826,18.67170854,5.809419584,144.1567454,kidneybeans
97,29,27,27.74576987,54.36976075,7.205078785,139.8619431,coffee
14,25,40,20.07386547,90.97819712,6.407872061,103.7084055,pomegranate
40,58,15,29.46416042,87.60890009,6.978400282000001,43.15411472,mungbean
63,50,52,28.64555584,93.22642604,6.751747609,115.8163936,papaya
37,56,25,22.05592283,19.60379304,5.774755143999999,126.7265372,kidneybeans
38,38,18,26.31051759,61.18749126,6.294130312999999,35.73403813,mothbeans
8,28,30,25.51618488,94.33465411,6.015672239,135.1272491,coconut
9,60,21,29.94413861,67.31323084,7.52178027,40.37113729,lentil
32,13,42,23.50128217,92.97527546,5.786058032000001,106.61905,pomegranate
4,20,25,28.93270187,47.94053996,5.664587011,99.9834242,mango
27,80,24,28.42062847,61.77336343,7.815210661,49.02366803,lentil
29,67,21,29.79181107,63.38789228,6.621323612,63.02169909,blackgram
101,75,50,26.59386409,81.40740301,6.242528277999999,109.9825551,banana
92,20,55,25.10474753,87.52676159999999,6.5877912620000005,59.26519444,watermelon
106,85,53,27.1994597,78.80860679999998,5.91505509,99.72430835,banana
119,19,55,25.18780042,83.44621709,6.818261382999999,46.87420883,watermelon
13,5,8,23.85340379,90.10522549,7.474710503,103.923226,orange
94,39,18,23.89114571,57.48775781,5.893093135,102.8301942,maize
40,61,22,20.94981756,65.8108757,7.002216044,44.23913012,lentil
108,89,53,29.55054817,78.06762846,5.808497603999999,99.34482238,banana
22,71,17,18.15300153,19.38602098,5.509295379,107.6907964,kidneybeans
52,51,53,38.38231475,93.10378595,6.985804083,210.2735346,papaya
6,47,18,29.16174608,80.28038146,6.715276662999999,40.16545979,mungbean
22,11,29,28.03380598,95.01630593,5.955742971,218.0055713,coconut
132,41,22,24.29144926,81.02453404,7.810865753,90.41694635,cotton
20,27,41,20.51343484,92.51675903,5.700088663,110.5764023,pomegranate
69,64,47,40.21199348,94.50766912,6.993473247000001,186.6762324,papaya
99,56,17,24.10859207,73.13112261,6.234330356,71.07562236,maize
102,46,19,22.77076388,82.5993307,6.631005298,81.49543437,cotton
40,144,196,22.71750705,92.25479855,5.987262638,107.0289866,apple
21,134,202,10.72302459,80.02130636,6.425419926,65.29821120000001,grapes
104,20,26,27.22783677,52.95261751,7.493191968,175.7260273,coffee
117,32,34,26.2724184,52.12739421,6.758792552,127.1752928,coffee
112,25,51,25.04746944,85.5667282,6.932537231,56.72496677,watermelon
90,48,45,24.06475727,71.31342851,6.509174788999999,153.63902119999997,jute
57,67,25,32.34744009,66.61452812,7.551364319,64.55882254,blackgram
2,24,34,28.89409382,54.80750249,6.472774648,94.76322976,mango
102,45,16,23.65629976,77.52425987,7.2942193,74.8984994,cotton
91,53,40,26.52723513,81.41753846,5.386167788,264.6148697,rice
4,6,7,23.01014302,91.11764246,6.708889665,112.6738296,orange
38,120,197,17.5438296,82.94703302,6.323722572,73.77063744,grapes
22,55,20,33.95309131,69.96100028,7.423530351,61.16350463,blackgram
13,57,25,28.30041493,86.20681554,6.86308576,50.47333854,mungbean
95,12,51,25.76484262,84.17269959999999,6.681606702000001,44.22066914,watermelon
87,54,20,25.61707368,63.4711755,6.576418207000001,108.8303762,maize
14,69,19,20.95628486,63.68128841,7.239455147,52.39881209,lentil
37,64,22,17.48189735,18.8251973,5.954665349,121.9401369,kidneybeans
29,122,196,41.94865736,81.15595212,5.638328481,73.06862952,grapes
94,50,37,25.66585205,80.66385045,6.94801983,209.5869708,rice
31,25,12,18.05142392,90.03969587,7.016482298,111.7793889,orange
28,72,84,18.72963144,19.18197264,6.481783042999999,71.58010169,chickpea
9,141,202,21.01245395,81.17931863,6.119495295,66.38448261,grapes
90,23,54,28.55852465,90.45773041,6.159020864,27.26588346,muskmelon
10,125,196,22.31253665,90.03577124,5.730557448,113.0688155,apple
1,67,21,27.52135365,60.53657684,6.551577598,48.06491307,lentil
31,35,23,30.30260453,47.18283631,7.707595055,68.04039813,mothbeans
33,47,17,24.86803974,48.27531965,8.621514073,63.9187654,mothbeans
90,57,24,18.92851916,72.80086137,6.158860284,82.34162918,maize
53,65,76,20.19137759,16.41998269,8.719960893,77.33795356,chickpea
21,6,41,24.88244467,89.39686219,7.086947687,107.1951707,pomegranate
119,30,49,25.35794749,80.45846265,6.903020221,47.72078245,watermelon
5,18,14,33.105698100000005,93.48447453,7.434118807000001,119.1709113,orange
9,60,23,31.96987867,57.17377029,6.2760043360000015,64.25520357,mothbeans
84,44,21,21.869274,61.91044947,5.850439831,107.2681929,maize
16,70,20,24.80467592,40.1242747,5.6093956,121.5639121,pigeonpeas
22,23,44,20.13037175,89.31505137,6.1438746910000015,107.3416913,pomegranate
0,70,21,36.30049702,56.03021253,4.672437054,101.6073988,pigeonpeas
12,142,203,31.3115978,82.56407013,5.972850837999999,65.01095312,grapes
39,36,22,29.34317422,60.50320928,9.072011412,34.03335472,mothbeans
20,73,22,16.03768615,22.33195853,5.976312537999999,130.3900798,kidneybeans
15,45,23,24.20422636,61.43378674,7.224193642,46.0203959,mothbeans
80,45,42,23.1426498,74.99739774,7.380396262,151.9035477,jute
16,143,197,22.61711614,93.51978375,5.90402645,116.9256766,apple
110,39,25,22.60612115,77.34264002,7.208795456,75.13617229,cotton
4,80,16,29.19585548,68.01965728,7.441976825,44.93261911,lentil
89,25,34,23.07895447,63.65861483,7.184801627000001,129.8765443,coffee
90,92,55,27.00932084,80.18546798,6.13465588,97.32531705,banana
36,128,204,25.23542319,80.68700527,5.695792761,67.03840888,grapes
14,41,17,29.12939524,88.48312598,7.085982325,36.45012824,mungbean
32,55,51,29.60718808,93.15642801,6.57398033,62.68710535,papaya
74,48,17,21.63162756,60.27766379,6.430616465,69.21803098,maize
100,24,28,25.59535262,57.72920846,7.101661011,195.7733251,coffee
97,12,47,25.28784623,89.63667876,6.765094963999998,58.28697664,watermelon
9,76,25,28.88302142,50.12323801,5.70951224,179.2155874,pigeonpeas
38,62,25,32.7477393,67.77954584,7.453975408,63.37784443,blackgram
34,60,25,29.78416743,85.16906976,6.79385576,40.77872823,mungbean
57,56,78,17.34150229,18.75626255,8.861479668,67.9545435,chickpea
40,59,23,36.89163721,62.73178224,5.269084669,163.7266551,pigeonpeas
81,53,42,23.67575393,81.03569343,5.17782304,233.7034975,rice
85,33,25,26.20811417,52.50987966,6.910823945,189.0944824,coffee
97,22,26,23.60567546,59.68849145,6.074190142000001,185.1568059,coffee
63,43,19,18.51816776,55.53128131,6.641906353,90.988051,maize
6,9,12,31.08368929,90.14362642,7.028746406000002,109.6894658,orange
102,25,50,28.20480805,92.91440379,6.099662369,20.36001144,muskmelon
0,145,205,21.22503442,90.09877774,5.52078314,113.9760462,apple
44,47,45,38.73218907,94.73613484,6.579441304,218.142147,papaya
20,60,25,27.3254209,69.09047809,6.726469087999999,61.19250859,blackgram
101,20,48,24.6774157,82.75411437,6.206247493999999,57.05709413,watermelon
34,76,80,20.65691793,15.84572566,7.985417393,65.23811143,chickpea
39,24,14,30.55472573,90.90343769,7.189259647,106.0711985,orange
11,18,42,21.57936934,94.88267728,5.938528744,102.8593382,pomegranate
43,50,48,28.28222883,91.37059792,6.63016515,179.27208069999998,papaya
30,127,204,22.50050273,92.45878335,6.126436584,100.9343903,apple
5,74,21,16.24469193,21.35793891,5.591704013999999,66.97053257,kidneybeans
9,77,17,20.12373284,24.45202552,5.783425416,106.158201,kidneybeans
120,7,47,24.24782473,83.03687902,6.653867608,54.76576239999999,watermelon
77,48,36,25.86705009,84.09985284,7.36008498,154.83908469999997,jute
14,18,30,29.80747243,52.13797867,5.191265116,95.74606104,mango
14,5,36,24.92639065,85.19098079,5.832525853,104.7693804,pomegranate
55,60,15,32.79766751,68.77994074,7.163043872,64.11411069,blackgram
132,52,19,24.16402322,76.7433897,6.436691764,61.94626051,cotton
34,60,22,17.66148158,18.15302753,5.635231778,100.6711761,kidneybeans
27,8,32,27.00648436,96.46168931,5.627860548999998,144.3331315,coconut
78,58,44,26.80079604,80.88684822,5.108681786,284.4364567,rice
4,59,19,26.25070298,67.62779652,7.621494566,40.8106299,lentil
62,48,20,21.70181447,60.47470519,6.708446922,95.71388473,maize
24,56,85,18.19903647,17.41333199,6.545888558,80.6405403,chickpea
104,25,55,29.81196601,90.36881284,6.123802502,22.68766503,muskmelon
20,20,10,11.86631922,93.68394562,6.976997772000001,106.060149,orange
6,18,37,19.65690085,89.93701023,5.937649577999999,108.0458926,pomegranate
59,69,80,19.07937684,17.86754927,8.165359297,69.40619137,chickpea
22,55,16,23.7937153,68.03209183,6.516317561,49.73922097,lentil
98,35,18,23.79746068,74.82913698,6.252797547999999,91.76337172,maize
23,65,20,23.0429097,22.42610972,5.833940084,108.3684316,kidneybeans
31,30,29,26.58580443,90.98617591,5.558807063,178.8116076,coconut
98,7,45,27.79161808,92.51054946,6.157724816,26.85422624,muskmelon
92,7,48,26.27520631,86.63249555,6.956508826,54.38748495,watermelon
21,39,20,27.06179658,52.3003173,7.388007482999999,60.74583498,mothbeans
76,57,18,18.9802729,74.52600826,6.092725883,94.26249353,maize
62,52,16,22.27526694,58.84015925,6.9670577620000005,63.87020584,maize
17,43,22,30.06142622,45.90067655,5.498340807999999,41.0550915,mothbeans
59,62,83,18.57665902,19.22008229,8.104396057999999,72.94940441,chickpea
40,63,18,30.41588462,67.66323804,6.74441168,63.02473185,blackgram
78,50,43,25.12417673,85.72530641,6.348441469,159.5718087,jute
31,62,52,33.7960155,93.00754254,6.99104104,182.026807,papaya
18,79,20,20.27514686,23.2353604,5.877347515,139.7521543,kidneybeans
99,29,55,29.19378695,91.46241065,6.660954816,26.48240255,muskmelon
6,7,7,27.68167318,94.47316879,7.199106204,113.9995146,orange
51,56,18,28.12787838,64.2097765,6.706505915,70.86340755,blackgram
2,79,15,21.53577883,65.47227704,7.505283615,35.75107592,lentil
87,48,25,18.65396672,61.37879671,6.656730007999999,93.62039175,maize
26,51,25,28.76488954,52.62741529,7.792508067999999,55.21606732,mothbeans
29,22,43,19.66329768,87.95158129,5.561851831,106.0380805,pomegranate
4,43,18,29.02955344,61.09387478,8.840656256,72.98016599,mothbeans
83,10,53,24.92994759,85.00802358,6.195142279,48.75859458,watermelon
111,5,55,26.283443,84.42478917,6.520663422,50.78669728,watermelon
2,39,15,28.07219563,82.9116472,6.478557136,49.61865305,mungbean
74,35,40,26.49109635,80.15836264,6.980400905,242.8640342,rice
111,5,52,29.8843055,94.0371147,6.135996372,21.0000988,muskmelon
30,60,21,28.87667593,62.4901206,5.457871272999999,182.2688175,pigeonpeas
69,37,42,23.05804872,83.37011772,7.073453503,251.0549998,rice
103,27,31,27.15998538,51.59100753,6.691541233,126.1752206,coffee
10,44,24,30.99256944,43.02151392,8.0344125,58.27600682,mothbeans
54,77,85,17.141861399999996,17.0662427,7.8292111439999985,83.74606679,chickpea
93,83,46,29.38254012,83.50423735,5.765308943,109.2486647,banana
21,38,20,27.10508014,63.56791363,5.794289715,62.20279647,mothbeans
36,76,75,18.38120357,16.63805158,8.736337905,70.52056697,chickpea
34,73,15,20.97195263,63.83179889,7.630424082999999,53.10207889,lentil
108,22,46,26.17668721,86.72952049999998,6.121168559,53.33484977,watermelon
22,28,26,27.67256197,45.41692012,4.947683034,92.84991507,mango
67,46,44,26.82489244,78.20392774,7.093328631,153.91998069999997,jute
36,59,46,34.28879307,93.61082872,6.721130542999999,127.2509777,papaya
34,65,19,23.43974653,63.22011726,5.94239222,45.40277297,lentil
56,59,55,37.03551903,91.79430166,6.551892637999999,188.5181422,papaya
101,17,55,24.37118217,87.1269128,6.451499763999999,44.63907691,watermelon
32,71,85,20.62767492,14.44008871,6.4039823160000005,92.06630306,chickpea
30,44,16,29.73013036,82.89166381,6.442335592999999,50.91511275,mungbean
107,12,46,29.57240298,93.61870344,6.559763394,27.56918621,muskmelon
12,78,23,16.06522754,18.72479695,5.99812453,88.06638775,kidneybeans
21,51,15,29.36488409,89.1886954,6.679127482,48.30159325,mungbean
48,62,47,25.34756111,93.02871078,6.803094965,174.40123369999995,papaya
16,71,24,18.33124824,38.40975482,4.946369874,139.64833169999997,pigeonpeas
35,52,15,28.69841277,61.14754363,9.93509073,65.67591794,mothbeans
109,23,25,25.11711046,68.48030408,7.00733163,194.8773479,coffee
28,45,23,29.65021184,80.29868321,6.489259136,56.76278363,mungbean
108,23,51,26.84366082,83.85039964,6.106500787000001,40.228644,watermelon
20,142,196,10.89875873,80.01639435,6.207600782999999,68.69420397,grapes
59,60,84,19.03025305,18.66725565,7.690962337999999,94.70992037,chickpea
103,17,51,25.11189154,80.02621335,6.209888345,44.20656987,watermelon
14,29,32,35.63627319,48.97047762,6.942520105,97.51952041,mango
4,13,6,15.63211033,94.25966183,7.5611432239999985,101.4705704,orange
0,18,14,29.77149434,92.00719952,7.207991261,114.41617859999998,orange
99,54,37,21.14347496,80.33502926,5.5948196260000005,198.6730942,rice
98,47,37,23.48381344,81.33265073,7.375482851,224.0581164,rice
32,129,201,16.36251869,83.00471609,6.48754639,71.55665483,grapes
69,51,23,22.21738222,72.85462807,6.80163854,106.6213157,maize
6,36,22,24.21610338,59.79236306,8.869532817,42.24783476,mothbeans
2,75,22,23.89271875,61.78779413,6.658605362,52.55730112,lentil
108,60,17,22.75805656,76.75768356,6.558902588,97.76600619,cotton
66,60,38,22.08576562,83.47038318,6.372576327000001,231.7364957,rice
10,136,204,21.19852186,92.15595143,6.276198595,105.8554351,apple
20,8,12,25.2990432,94.96419851,7.260416405,117.9733424,orange
40,121,199,26.18159716,81.03886263,6.315586313,66.05911698,grapes
22,62,16,34.6455408,54.32342534,4.828936119,180.9009998,pigeonpeas
35,30,34,28.2974764,95.41122824,6.141502001,182.4482352,coconut
83,38,35,25.70822684,52.88667115,7.18915558,136.73250919999998,coffee
8,7,10,28.2620488,91.98317355,6.929216014,105.2132259,orange
24,30,11,32.39523995,94.51768464,6.601395755,113.25373,orange
11,71,24,21.14011423,22.7182355,5.6066203460000015,141.6056722,kidneybeans
126,50,19,24.69457084,81.7358876,6.6287228360000015,78.58494391,cotton
91,7,52,25.07803672,83.46230461,6.405054243,56.39962921,watermelon
112,73,48,29.244063800000006,77.32017166,5.7074889870000005,90.66727868,banana
93,91,47,27.84767901,83.31110751,6.101241579,117.2878912,banana
95,16,46,27.076726500000003,90.14362622,6.74669542,24.4514648,muskmelon
37,6,13,26.03097313,91.50819306,7.511755067999999,101.2847738,orange
29,142,203,29.67229086,83.71498986,5.891195653,66.48490371,grapes
35,52,19,27.10606808,89.89593328,6.698574085,37.45680611,mungbean
25,76,24,15.33042636,24.91506728,5.56503533,135.3315583,kidneybeans
20,122,204,11.7976469,80.86325389,6.487369687,65.06962486,grapes
73,35,38,24.88921174,81.97927117,5.005306977,185.9461429,rice
97,50,41,24.52922681,80.54498576,7.070959995,260.2634026,rice
39,65,53,35.33294932,92.11508608,6.560743092999999,235.6133585,papaya
36,56,20,25.4123765,49.66474269,7.437078236,31.87416982,mothbeans
48,61,21,30.28496619,61.69295127,6.628264883,65.62859526,blackgram
75,38,39,23.44676801,84.79352417,6.215109715,283.9338466,rice
36,43,22,27.82684262,87.16679147,6.3898821660000005,58.37249772,mungbean
31,55,22,22.91350245,21.33953114,5.873171894,109.225556,kidneybeans
30,65,25,32.88733849,64.59457409,7.70650895,71.50569456,blackgram
33,60,15,28.95172351,81.67085323,6.510840928,56.51103293,mungbean
94,53,40,20.27774362,82.89408619,5.718627177999999,241.9741949,rice
11,74,17,21.36383757,69.92375891,6.633864582,46.6352865,lentil
119,90,48,28.66725136,79.59242542,5.986442306,118.2583441,banana
23,59,19,21.98560799,24.87304788,5.852046999,129.5650601,kidneybeans
74,39,38,23.24113501,84.59201843,7.782051312999999,233.0453455,rice
40,65,49,35.32876402,91.06138506,6.678449317999999,163.9069365,papaya
93,41,17,25.6217169,66.50415474,6.047906679,105.4654703,maize
9,80,19,21.80619564,18.57086554,5.945465949,125.0972687,kidneybeans
101,92,45,28.22776705,80.64303840000002,5.758054257,98.00403016,banana
46,76,77,18.2356751,19.68538502,6.967843048,83.74879344,chickpea
23,62,85,18.97424756,19.5161216,8.490127142,80.7108745,chickpea
31,29,26,28.22373428,47.40519056,5.024124683999999,97.76832322,mango
80,18,52,27.87317436,91.14849627,6.484799661,24.05207925,muskmelon
100,18,52,26.20234499,80.38266489,6.87606733,56.47941847,watermelon
59,63,18,31.65531175,60.13263713,6.52669158,66.69096751,blackgram
92,81,52,28.0106804,76.52808057,5.891413895,103.7040783,banana
63,41,45,25.29781791,86.88705350000002,7.121933578999999,196.6249511,jute
97,35,26,24.91461008,53.74144743,6.334610249,166.2549307,coffee
27,30,31,28.98545306,90.73966792,5.718120393,148.8398374,coconut
105,56,15,25.96779712,81.97904282,7.272316208999999,74.14169043,cotton
28,48,15,25.16125354,55.25435777,9.254089438,40.89732789,mothbeans
32,60,83,19.69141713,19.44225438,8.829273328,91.76071648,chickpea
20,45,22,29.5888162,89.9939693,6.904587016,54.96121262,mungbean
69,66,49,40.00439101,90.17015833,6.52711001,92.11877372,papaya
7,56,23,26.33908791,40.00933429,5.545219232000001,55.50429227,mothbeans
126,46,25,24.43847399,81.69801729,6.757457943,60.79645852,cotton
10,56,16,28.17432665,81.04554836,6.828187498999998,36.35720652,mungbean
100,6,53,29.05248036,93.92217834,6.105909623,23.66620626,muskmelon
97,74,45,26.47522633,78.51833782,5.677719902000001,113.1161095,banana
19,122,202,23.34467359,90.37981478,5.811975094,112.8954016,apple
72,40,38,20.41447029,82.20802629,7.592490617,245.1511304,rice
102,11,47,27.98780984,92.78226196,6.504906978999999,27.14509034,muskmelon
81,45,35,26.52872817,80.12267476,6.158376967000001,218.9163567,rice
31,48,17,28.88078945,86.94206817,6.594739424,53.79732545,mungbean
83,25,53,26.49195283,80.04678201,6.057697106,57.72799157,watermelon
135,43,16,23.47986888,81.73049149,6.720449769,86.76287924,cotton
54,62,80,17.48911699,16.39055394,7.489545074,79.45758333,chickpea
104,17,46,25.7131428,80.22972777,6.190015912000001,43.08961827,watermelon
27,56,20,19.25975367,20.51346956,5.542690119,94.9533526,kidneybeans
118,15,45,24.21495706,84.20576992,6.538006356,48.01138482,watermelon
2,21,35,25.02887163,91.53720922,6.293662362999999,179.8248944,coconut
26,63,17,29.87854588,65.73085206,6.950300686,44.95654782,lentil
35,140,197,16.77557314,82.75241875,6.106190557000001,66.76285469,grapes
9,8,15,14.34320488,94.35734702,7.994465371,110.22231229999998,orange
70,44,19,23.31689124,73.4541537,5.852607099,94.29712821,maize
83,60,36,25.59704938,80.14509262,6.903985986,200.834898,rice
79,51,16,25.33797709,68.49835977,6.586244581,96.46380213,maize
36,67,77,18.36952567,19.56381041,7.152811172000001,79.26357665,chickpea
93,56,42,23.85724032,82.22572988,7.382762603,195.0948311,rice
29,44,20,30.04132304,63.56222995,8.620107545,31.83192392,mothbeans
69,46,41,23.64124821,80.28597873,5.012139669,263.1103304,rice
109,10,53,26.81938687,87.8274604,6.5517503060000015,46.06193778,watermelon
32,11,31,25.06871967,93.31410447,6.205931637999999,134.84190690000003,coconut
71,52,18,25.10787449,55.97732754,5.790770202999999,78.16077693,maize
86,55,21,21.54156232,59.64024162,6.803931519,109.7515385,maize
33,77,15,23.89736406,66.32102048,7.802212437,40.74536757,lentil
55,77,22,31.4345059,62.99303471,7.76061831,64.77651469,blackgram
84,57,25,22.53510514,67.99257471,6.489040367,64.40866039,maize
68,57,43,26.08867875,80.37979919,5.706943251,182.9043504,rice
84,40,42,26.2830571,73.35763537,6.704273839,186.6898282,jute
31,13,33,27.63834933,95.48763389,5.85971872,205.5463111,coconut
36,44,21,25.12528913,51.33189406,4.516154055,38.48678973,mothbeans
8,15,33,28.97318719,98.09861043,5.50158009,213.9011021,coconut
18,9,40,19.44623085,89.02127045,5.627186257000001,106.1606833,pomegranate
75,53,18,20.68899915,59.4375337,6.864793607,103.651438,maize
57,60,84,19.1034283,17.26184541,6.586777189,75.49101167,chickpea
92,21,48,25.81692236,82.043255,6.377427122,54.82963379,watermelon
32,70,20,20.89342749,46.24856523,6.208843215,195.5697875,pigeonpeas
95,12,46,26.21667586,81.01009354,6.32281728,54.65423596,watermelon
26,68,24,28.04849594,64.07691942,7.504930973,37.15824966,lentil
86,18,45,28.96586565,90.71832938,6.566759102000001,22.25838137,muskmelon
60,55,45,21.40865769,83.32931909999998,5.935745417000001,287.5766935000001,rice
95,39,29,27.35152643,55.99375012,7.13411409,148.98125249999995,coffee
29,71,18,22.17499963,62.13873825,6.410441476,53.46622584,lentil
57,60,17,26.23773129,67.88521396,7.504608385,73.58663968,blackgram
98,22,47,29.07265321,91.91533173,6.341400922,28.83568362,muskmelon
80,43,16,23.55882094,71.59351368,6.657964753,66.71995467,maize
36,61,21,34.53823889,39.04468913,5.617008201,168.5948318,pigeonpeas
75,54,36,26.29465461,84.56919326,7.023936392,257.4914906,rice
7,40,17,31.2123945,40.92604945,8.532078732999999,53.78769958,mothbeans
83,7,45,29.08417927,90.73891887,6.704104127000001,25.33014238,muskmelon
82,20,54,29.34033587,90.01506395,6.541150335,21.44532907,muskmelon
26,135,203,33.78372897,81.16314317,5.6851027689999984,74.53557341,grapes
5,15,38,18.26233221,88.16779129,5.709380472,108.0756727,pomegranate
91,21,50,24.33528185,81.44030363,6.762030215,48.32113628,watermelon
82,40,45,26.21312799,81.70476368,6.667633355,180.1237765,jute
117,43,25,24.68854799,78.51206972,7.839849298,69.31153566,cotton
131,35,18,24.49112609,82.24415809,7.0576933660000005,64.02949379,cotton
28,65,23,28.38686534,61.88871127,7.405176138,74.24459122,blackgram
3,26,39,24.38318965,91.19431555,7.079973241,103.6012114,pomegranate
14,67,22,23.82576704,24.75485098,5.624690247999999,84.64143632,kidneybeans
28,58,81,17.47500984,16.54314829,6.18042747,93.35034262,chickpea
48,57,54,29.02328049,90.20396783,6.617703177999999,126.8069869,papaya
41,69,82,20.02381489,16.63294455,6.715587232000001,68.97806542,chickpea
88,29,51,24.71885473,88.94568335,6.095689937,48.45978627,watermelon
120,25,50,28.05457761,94.81637388,6.327210469,21.84869328,muskmelon
61,41,17,25.1420613,65.26185135,6.021902237000001,76.68456006,maize
117,26,30,27.92374437,67.96910852,7.079850922,115.2325531,coffee
14,37,15,27.96235681,83.97586797,6.581351374,48.9366954,mungbean
52,68,78,17.48504075,16.96070581,6.89655198,86.05078037,chickpea
35,67,49,41.31330062,91.1508798,6.617066674,239.7427554,papaya
99,15,27,27.41711238,56.63636248,6.086922359,127.92461000000002,coffee
60,51,36,22.69657794,82.81088865,6.028321557999999,256.9964761,rice
95,21,47,27.93114233,93.56161439,6.431970877,20.66127836,muskmelon
98,53,38,20.26707606,81.63895217,5.01450727,270.4417274,rice
71,56,37,23.18866654,86.20899734,6.491506245,176.103677,jute
117,51,15,22.9535715,78.71555832,6.044556594,99.75336197,cotton
5,62,23,27.9348279,66.45457122,4.722222454,145.3728801,pigeonpeas
59,55,19,31.74379487,62.51007687,7.332375138,68.97097538,blackgram
80,18,51,28.05380704,91.81758779,6.706053225,20.76582087,muskmelon
26,10,33,28.27298134,96.93649473,6.07071786,198.8234862,coconut
90,42,43,20.87974371,82.00274423,6.502985292000001,202.9355362,rice
40,21,8,34.90665289,92.87820148,7.418761774,102.1906333,orange
39,24,31,33.55695561,53.72979826,4.757114897,98.67527561,mango
11,36,33,35.99009679,52.22780489,5.978634285,95.3713484,mango
120,23,55,27.84492803,91.60666594,6.732049075,26.47844429,muskmelon
61,53,43,26.40323239,81.05635517,6.349606327,223.3671883,rice
33,121,203,22.45696744,94.76285385,5.6059340870000005,114.8407725,apple
22,37,20,27.62749466,86.49366929,6.605733067999999,39.26137642,mungbean
54,65,47,27.92765919,91.55594211,6.721835879,149.91075569999995,papaya
106,70,55,25.86824781,78.52399914,5.74055541,116.3019555,banana
37,62,17,25.68576704,69.84354028,7.121254928,74.62068748,blackgram
116,25,50,29.26092798,92.92367701,6.088885814,28.70627683,muskmelon
1,124,199,23.71059131,93.27392415,5.658473817000001,112.66765890000002,apple
26,18,27,27.45907759,92.90736493,5.836075368,142.1430003,coconut
40,64,47,32.50037548,93.47888842,6.893509446,71.73759526,papaya
10,79,18,21.0643684,55.46985938,5.624731337999999,184.6226709,pigeonpeas
60,55,36,26.12797248,80.49172597,7.132389299,150.6326874,jute
2,120,203,23.12652652,94.71203306,5.893492998999999,108.62118329999998,apple
9,143,197,23.75033085,92.88160462,5.570020684,117.6602827,apple
61,38,20,18.47891261,62.69503871,5.970458434,65.43835393,maize
39,37,15,28.9973145,83.78911515,6.821747052,59.84499208,mungbean
5,144,205,21.42177231,92.62665309,6.184922574,102.8045658,apple
32,56,18,20.0467711,65.84395319,7.135251532000001,46.05333124,lentil
40,126,201,11.36300891,80.03100049,6.116982944,71.18289431,grapes
93,58,38,20.61521424,83.77345559,6.932400225,279.5451717,rice
80,26,55,24.53442564,88.989272,6.140099215,49.11618732,watermelon
12,58,23,21.74600081,63.39503184,6.765091462000001,50.43306085,lentil
10,140,197,22.16939473,90.27185592,6.229498836,124.4683112,apple
32,130,196,40.66012294,81.24995984,6.372959542,74.03030056,grapes
60,68,83,19.12065218,18.43475844,6.620900869,85.52950164,chickpea
96,46,22,20.58314011,69.00128641,6.499936446,66.29390357,maize
99,70,46,26.59580783,82.99556744,5.727469947,100.5123341,banana
22,80,20,23.00884744,18.86880997,5.669560726,100.118612,kidneybeans
7,17,10,10.16431299,91.22320999,6.465913274,106.362551,orange
34,38,31,35.37775595,45.58110023,6.454045329,97.41586402,mango
118,18,32,27.6496114,51.11044023,6.351823783,122.8392822,coffee
67,68,49,35.26824831,92.38282957,6.821774589,149.8488208,papaya
16,145,199,26.91624843,80.76838926,5.953966361,69.30927185,grapes
39,132,196,35.83089092,83.32560104,5.778594403,73.67984885,grapes
22,16,27,29.1797902,90.27214288,6.006784979,188.9252083,coconut
122,48,16,24.65425757,75.6350708,6.307585854,61.82980133,cotton
68,58,38,23.22397386,83.03322691,6.336253525,221.2091958,rice
36,67,25,35.95176642,36.52780776,6.418062652000001,136.0456753,pigeonpeas
27,64,21,32.84213012,68.68401492,7.543804222999999,73.67166182,blackgram
56,67,78,17.57445618,16.71826572,8.255450758,77.81891424,chickpea
14,74,15,27.99990346,65.57653373,6.493036868,49.94043064,lentil
9,69,20,19.30607278,23.96362799,5.591560999,129.3449326,kidneybeans
20,139,202,23.50201428,92.21083961,5.66999105,107.9868949,apple
25,27,41,19.20090378,94.27659596,6.9235093710000015,108.0423555,pomegranate
12,29,40,19.68291173,89.75272999,6.594037135,111.2818551,pomegranate
73,45,37,23.70467146,74.63745355,6.742688094,181.2783964,jute
83,11,53,29.54097171,92.91778307,6.163921247999999,21.9653077,muskmelon
34,75,24,23.50222822,51.29019509,4.760038038999999,192.3023991,pigeonpeas
79,45,43,25.71901283,79.15532398,7.171054239,187.1735424,jute
74,49,38,23.31410442,71.4509053,7.4880144039999985,164.49703730000004,jute
33,31,34,31.32995611,50.22287593,5.421265282999999,89.78216168,mango
4,19,43,18.07132963,93.14554876,5.7794274020000005,106.3602023,pomegranate
22,59,23,27.32220619,51.27868781,4.371745575,36.5037914,mothbeans
49,72,15,31.55846339,67.83563765,7.137004749,74.86960831,blackgram
62,42,36,22.78133816,82.06719137,6.430010215,248.7183228,rice
12,71,19,24.91079638,60.71367427,7.142611056000002,42.19740397,lentil
25,65,21,33.86351172,68.59232289,6.880245789,69.24464096,blackgram
9,49,16,30.88482722,41.36561835,7.661537347999999,55.053805,mothbeans
13,144,204,30.7280404,82.42614055,6.092241627000001,68.38135469,grapes
80,16,46,25.50405534,81.40297428,6.940236218,48.47833278,watermelon
20,45,17,28.17458662,83.69659318,6.770955317,37.2464655,mungbean
122,40,17,24.96440768,81.31677618,6.854558957,80.03995829,cotton
49,54,50,25.62446619,93.18240298,6.762522087000001,97.26336657,papaya
117,30,50,24.90123934,87.20772913,6.744966312000001,46.59207341,watermelon
34,34,35,27.27433181,47.16808054,6.422710539,95.257992,mango
92,81,52,27.39341554,81.4654833,6.438137278999998,94.31102057,banana
11,61,21,18.62328774,23.02410338,5.532100554,135.33780330000002,kidneybeans
4,41,20,28.14720892,83.8001509,6.647965508,37.44800463,mungbean
110,25,54,28.91105641,90.78413842,6.425930938,23.44398467,muskmelon
34,6,27,25.84726298,90.92669463,5.8607404810000014,147.8888994,coconut
34,59,18,23.38002569,21.98879437,5.744117663,87.66898664,kidneybeans
40,29,42,24.63228709,89.01574455,7.104094929,110.6956184,pomegranate
58,79,17,27.24766491,66.10123083,7.04174124,62.31842057,blackgram
25,76,17,31.74105409,68.63525428,7.241148507,62.3061735,blackgram
82,23,49,26.81383586,87.21986949,6.873283991,51.70497792,watermelon
116,71,47,27.57278064,82.0638878,6.435785799,91.34276507,banana
